{"cameraMode":{"drawMode":0,"name":"Shaded","section":"Shading Mode"},"sceneLighting":true,"audioPlay":false,"sceneViewState":{"showFog":true,"showMaterialUpdate":true,"showSkybox":true,"showFlares":true,"showImageEffects":true,"showParticleSystems":true},"in2DMode":false,"pivot":{"x":-0.9194028973579407,"y":-5.82996129989624,"z":6.148938179016113},"rotation":{"x":0.13062983751296998,"y":0.03982282057404518,"z":-0.005261252634227276,"w":0.9906171560287476},"size":4.041658401489258,"orthographic":true}